,STP
Spender,Science
Capitaine Wilder,Politique
Cheroke,Technique
Hathaway,Science
Sam Parkhill,Technique
Autres expéditions,Technique
Biggs,Technique
Civilisation morte,
L’équipage,Technique
Martiens de la semaine,
Capitaine York,Politique
Cpt Williams,Politique
Cpt Black,Politique
Les enfants sur la terre,
Les Grecs,
Les Romains,
Ginnie,
Schoenke,Art
Terriens,
Marchands de hot dog,Technique
Rockfeller,Politique
King Georges,Politique
Dupont de Nemours,Politique
Roosevelt,Politique
Lincoln,Politique
Coolidge,Politique
Whitie,Technique
Le groupe d’expédition,Technique
Fantômes martiens,
Lord Byron,Art
McClure,Technique
Détachements de recherche,Technique
Cookie,Technique
